{
  "name": "Standard Sync | Run Summary",
  "description": "",
  "form": "4df9bacd-9799-4152-ab87-737f796cd2bb",
  "blocks": [
    {
      "id": "22ad968f-cb92-4db9-bee4-4cf913e77416",
      "label": "Create Event - Sync Run Summary",
      "environment": "HOSTED",
      "presentation": "{\"w\":60,\"x\":252,\"h\":60,\"y\":41}",
      "step": "4df9bacd-9799-4152-ab87-737f796cd2bb",
      "stepType": "CREATE_EVENT",
      "inputMappings": [
        {
          "inputPort": "input",
          "mapping": "${39bfc1b0-7d76-402a-84cd-5e626ad6a379.info}",
          "sectionItemKey": "75569254-efc7-478f-a874-8854da115ed0"
        },
        {
          "inputPort": "input",
          "mapping": "15",
          "sectionItemKey": "0be1e275-90ef-4317-9ddf-699837018d50"
        },
        {
          "inputPort": "input",
          "mapping": "${39bfc1b0-7d76-402a-84cd-5e626ad6a379.subject}",
          "sectionItemKey": "0ce9f822-86d6-48d7-8263-afaa4c7508e1"
        },
        {
          "inputPort": "input",
          "mapping": "${39bfc1b0-7d76-402a-84cd-5e626ad6a379.deviceErrors_email}",
          "sectionItemKey": "55c8c17f-5e02-49f0-9446-ff8a46b318a3"
        },
        {
          "inputPort": "input",
          "mapping": "${39bfc1b0-7d76-402a-84cd-5e626ad6a379.infoCount}",
          "sectionItemKey": "32d92ca0-5572-4328-b58d-945a3228056b"
        },
        {
          "inputPort": "input",
          "mapping": "${39bfc1b0-7d76-402a-84cd-5e626ad6a379.People Created}",
          "sectionItemKey": "f1384fd4-3e52-4676-8ddc-737dbc5dce16"
        },
        {
          "inputPort": "input",
          "mapping": "${39bfc1b0-7d76-402a-84cd-5e626ad6a379.errors}",
          "sectionItemKey": "2dcffd31-a7b2-4934-bb3e-478dd062c0fb"
        },
        {
          "inputPort": "input",
          "mapping": "${39bfc1b0-7d76-402a-84cd-5e626ad6a379.deviceErrors_email_count}",
          "sectionItemKey": "fe1aa7f8-ba6a-4a89-b4ff-b07e3623e306"
        },
        {
          "inputPort": "input",
          "mapping": "${39bfc1b0-7d76-402a-84cd-5e626ad6a379.deviceErrors_phone_count}",
          "sectionItemKey": "ed0a154e-4afa-4b89-a0de-b7acf7ae4672"
        },
        {
          "inputPort": "input",
          "mapping": "${39bfc1b0-7d76-402a-84cd-5e626ad6a379.results}",
          "sectionItemKey": "7c5e15b9-5f79-4b77-b831-98fa1ada5d90"
        },
        {
          "inputPort": "input",
          "mapping": "iPad,iPhone,Work Email",
          "sectionItemKey": "aef37bcc-f69c-54ea-8460-5f378b00192b"
        },
        {
          "inputPort": "input",
          "mapping": "${39bfc1b0-7d76-402a-84cd-5e626ad6a379.People Deleted}",
          "sectionItemKey": "76afafb5-6726-44aa-8207-9dfcaa615391"
        },
        {
          "inputPort": "input",
          "mapping": "${39bfc1b0-7d76-402a-84cd-5e626ad6a379.deviceErrors_phone}",
          "sectionItemKey": "7ac45122-d7b7-426d-8f43-196b130d777b"
        },
        {
          "inputPort": "input",
          "mapping": "${39bfc1b0-7d76-402a-84cd-5e626ad6a379.errorCount}",
          "sectionItemKey": "ba089112-a48d-4233-b983-4ab35a3ce84c"
        },
        {
          "inputPort": "input",
          "mapping": "${39bfc1b0-7d76-402a-84cd-5e626ad6a379.deviceErrors_count}",
          "sectionItemKey": "07874e2a-3b2e-4eb8-9b20-4529bdf63074"
        }
      ]
    },
    {
      "id": "39bfc1b0-7d76-402a-84cd-5e626ad6a379",
      "label": "xM | Standard Sync | Run Summary",
      "environment": "HOSTED",
      "presentation": "{\"w\":60,\"x\":0,\"h\":60,\"y\":40}",
      "step": "7599f449-4eef-4ace-96c6-d94d04be0f54",
      "stepType": "INTEGRATION"
    }
  ],
  "edges": [
    {
      "fromBlock": "39bfc1b0-7d76-402a-84cd-5e626ad6a379",
      "fromPort": "output",
      "toBlock": "22ad968f-cb92-4db9-bee4-4cf913e77416",
      "toPort": "input"
    }
  ]
}