{
  "name": "Standard Sync | Run Summary",
  "description": "",
  "form": "6d55f673-6558-4e51-b0aa-7d567277ee4a",
  "blocks": [
    {
      "id": "a92db15a-1e4c-4ebb-8012-875322c44808",
      "label": "Create Event - Sync Run Summary",
      "environment": "HOSTED",
      "presentation": "{\"w\":60,\"x\":220,\"h\":60,\"y\":40}",
      "step": "6d55f673-6558-4e51-b0aa-7d567277ee4a",
      "stepType": "CREATE_EVENT",
      "inputMappings": [
        {
          "inputPort": "input",
          "mapping": "${eb531464-a314-4514-bcc4-b88f7f9308d8.subject}",
          "sectionItemKey": "3a258610-f648-428c-b6ea-de65e54ecdf0"
        },
        {
          "inputPort": "input",
          "mapping": "${eb531464-a314-4514-bcc4-b88f7f9308d8.infoCount}",
          "sectionItemKey": "6b0ad092-e3bf-4d49-971b-0c2dff50d9cd"
        },
        {
          "inputPort": "input",
          "mapping": "${eb531464-a314-4514-bcc4-b88f7f9308d8.deviceErrors_count}",
          "sectionItemKey": "77b8ea1b-e6f1-4391-a18d-e73bf6d8878b"
        },
        {
          "inputPort": "input",
          "mapping": "${eb531464-a314-4514-bcc4-b88f7f9308d8.deviceErrors_phone_count}",
          "sectionItemKey": "7ab72dac-87e4-4edc-a2f0-914963998920"
        },
        {
          "inputPort": "input",
          "mapping": "${eb531464-a314-4514-bcc4-b88f7f9308d8.deviceErrors_email_count}",
          "sectionItemKey": "4f220168-a843-4b5b-8537-8c9b8f947660"
        },
        {
          "inputPort": "input",
          "mapping": "${eb531464-a314-4514-bcc4-b88f7f9308d8.results}",
          "sectionItemKey": "e0b9992f-7cbf-4a5a-920e-0d85bcc9d378"
        },
        {
          "inputPort": "input",
          "mapping": "${eb531464-a314-4514-bcc4-b88f7f9308d8.errors}",
          "sectionItemKey": "97b1ae68-3209-476d-9ba1-952ca30fdba7"
        },
        {
          "inputPort": "input",
          "mapping": "${eb531464-a314-4514-bcc4-b88f7f9308d8.deviceErrors_phone}",
          "sectionItemKey": "14143766-9a16-40f4-92f8-a14a10c13db7"
        },
        {
          "inputPort": "input",
          "mapping": "Android Phone,Android Tablet,Home Email,iPad,iPhone,SMS Phone,Work Email",
          "sectionItemKey": "af01561a-accb-57e8-a550-aa78ddafdf25"
        },
        {
          "inputPort": "input",
          "mapping": "${eb531464-a314-4514-bcc4-b88f7f9308d8.errorCount}",
          "sectionItemKey": "87ea67a1-2098-4d01-9a4d-8f8e2723ab29"
        },
        {
          "inputPort": "input",
          "mapping": "${eb531464-a314-4514-bcc4-b88f7f9308d8.deviceErrors_email}",
          "sectionItemKey": "35a8f611-9400-427a-988f-7dfdcbca2d82"
        },
        {
          "inputPort": "input",
          "mapping": "15",
          "sectionItemKey": "240b55ca-7fb2-4162-bcfd-543097e1dc03"
        },
        {
          "inputPort": "input",
          "mapping": "${eb531464-a314-4514-bcc4-b88f7f9308d8.info}",
          "sectionItemKey": "9ec4c607-2c25-4b77-8c00-6acdca680fe4"
        },
        {
          "inputPort": "input",
          "mapping": "${eb531464-a314-4514-bcc4-b88f7f9308d8.recipients}",
          "sectionItemKey": "recipients"
        }
      ]
    },
    {
      "id": "eb531464-a314-4514-bcc4-b88f7f9308d8",
      "label": "xM | Standard Sync | Run Summary",
      "environment": "HOSTED",
      "presentation": "{\"w\":60,\"x\":0,\"h\":60,\"y\":40}",
      "step": "ee802424-6a3c-429a-aa0c-e0eab61c3c85",
      "stepType": "INTEGRATION"
    }
  ],
  "edges": [
    {
      "fromBlock": "eb531464-a314-4514-bcc4-b88f7f9308d8",
      "fromPort": "output",
      "toBlock": "a92db15a-1e4c-4ebb-8012-875322c44808",
      "toPort": "input"
    }
  ]
}