{
  "name": "Standard Sync | Run Summary",
  "description": "",
  "form": "2513c2b3-0ade-4dd2-b39a-23ecbc05d3d9",
  "blocks": [
    {
      "id": "8d2e9be8-a6d3-4ff8-bbae-ed7f38d801de",
      "label": "Create Event - Sync Run Summary",
      "environment": "HOSTED",
      "presentation": "{\"w\":60,\"x\":220,\"h\":60,\"y\":40}",
      "step": "2513c2b3-0ade-4dd2-b39a-23ecbc05d3d9",
      "stepType": "CREATE_EVENT",
      "inputMappings": [
        {
          "inputPort": "input",
          "mapping": "${daeb6784-4086-4f69-97d5-c4f10e8634c5.results}",
          "sectionItemKey": "f687f52e-405b-4308-9225-ab051e72d28f"
        },
        {
          "inputPort": "input",
          "mapping": "${daeb6784-4086-4f69-97d5-c4f10e8634c5.errorCount}",
          "sectionItemKey": "6e2d7fbe-5fe1-48e5-ae9c-297e286381cf"
        },
        {
          "inputPort": "input",
          "mapping": "${daeb6784-4086-4f69-97d5-c4f10e8634c5.infoCount}",
          "sectionItemKey": "3157b004-ca02-4215-b92b-41b0d8172612"
        },
        {
          "inputPort": "input",
          "mapping": "${daeb6784-4086-4f69-97d5-c4f10e8634c5.deviceErrors_count}",
          "sectionItemKey": "42215806-5fbb-45ef-874d-4a3df319c200"
        },
        {
          "inputPort": "input",
          "mapping": "${daeb6784-4086-4f69-97d5-c4f10e8634c5.deviceErrors_phone}",
          "sectionItemKey": "568d6d98-60bd-4276-974b-d2e3da993cde"
        },
        {
          "inputPort": "input",
          "mapping": "${daeb6784-4086-4f69-97d5-c4f10e8634c5.deviceErrors_email}",
          "sectionItemKey": "1ae7d6d9-73aa-4d67-bb86-75fed78efd39"
        },
        {
          "inputPort": "input",
          "mapping": "${daeb6784-4086-4f69-97d5-c4f10e8634c5.deviceErrors_phone_count}",
          "sectionItemKey": "b4be14f3-78b4-4ad2-b0e3-7a6ad6f4b54f"
        },
        {
          "inputPort": "input",
          "mapping": "Android Phone,Android Tablet,Home Email,iPad,iPhone,SMS Phone,Work Email",
          "sectionItemKey": "b65802a2-60e7-5d1e-9657-2961b8f23443"
        },
        {
          "inputPort": "input",
          "mapping": "${daeb6784-4086-4f69-97d5-c4f10e8634c5.info}",
          "sectionItemKey": "a7b5b3ae-b50c-4c66-967b-a4fbbcc3aea2"
        },
        {
          "inputPort": "input",
          "mapping": "15",
          "sectionItemKey": "c699c875-dc4f-4f20-b435-01bec53f2786"
        },
        {
          "inputPort": "input",
          "mapping": "${daeb6784-4086-4f69-97d5-c4f10e8634c5.subject}",
          "sectionItemKey": "6e19a1d7-5c3b-4670-8fce-b41186233ee8"
        },
        {
          "inputPort": "input",
          "mapping": "${daeb6784-4086-4f69-97d5-c4f10e8634c5.errors}",
          "sectionItemKey": "7cd07428-3a10-4efe-bdc3-d10d7f565b00"
        },
        {
          "inputPort": "input",
          "mapping": "${daeb6784-4086-4f69-97d5-c4f10e8634c5.deviceErrors_email_count}",
          "sectionItemKey": "6621cf6b-e68e-4329-99de-b8a7a7a9e569"
        }
      ]
    },
    {
      "id": "daeb6784-4086-4f69-97d5-c4f10e8634c5",
      "label": "xM | Standard Sync | Run Summary",
      "environment": "HOSTED",
      "presentation": "{\"w\":60,\"x\":0,\"h\":60,\"y\":40}",
      "step": "99d68524-22fa-440d-82a0-8e97176be23f",
      "stepType": "INTEGRATION"
    }
  ],
  "edges": [
    {
      "fromBlock": "daeb6784-4086-4f69-97d5-c4f10e8634c5",
      "fromPort": "output",
      "toBlock": "8d2e9be8-a6d3-4ff8-bbae-ed7f38d801de",
      "toPort": "input"
    }
  ]
}