[
  {
    "id": "5229f1e7-568b-4356-b0f4-6c0d27fc6fbe",
    "name": "xM | Standard Sync | Run Summary",
    "description": "",
    "icon": "https://s3-xmatters-static.s3.amazonaws.com/null/customers/5c36e2a5-ebba-4e64-9345-e8616a36b1e0/IMAGE__20191023171009365__39f5e1f7-xmatters-mark.png",
    "script": "var payload = JSON.parse(request.body);\n\nconst deviceErrors_email_count = payload.deviceErrors_email ? payload.deviceErrors_email.length : 0;\nconst deviceErrors_phone_count = payload.deviceErrors_phone ? payload.deviceErrors_phone.length : 0;\noutput.deviceErrors_count = deviceErrors_email_count + deviceErrors_phone_count;\noutput.deviceErrors_email = payload.deviceErrors_email ? payload.deviceErrors_email.join(\"<br>\") : '';\noutput.deviceErrors_email_count = deviceErrors_email_count;\noutput.deviceErrors_phone = payload.deviceErrors_phone ? payload.deviceErrors_phone.join(\"<br>\") : '';\noutput.deviceErrors_phone_count = deviceErrors_phone_count;\noutput.errorCount = payload.errors ? payload.errors.length: 0;\noutput.errors = payload.errors ? payload.errors.join(\"<br>\") : '';\noutput.info = '';\n// output.info = payload.info ? payload.info.join(\"<br>\") : '';\noutput.infoCount = payload.info ? payload.info.length : 0;\noutput.recipients = payload.recipients ? payload.recipients.join(',') : '';\noutput.results = payload.results ? payload.results.join(\"<br>\") : 'null';\noutput.subject = payload.subject;\n",
    "endpointLabel": "",
    "allowedEnvironment": "HOSTED",
    "accessibleByAll": "NotShared",
    "triggerAuthType": "URL_AUTH",
    "scriptStepType": "CUSTOM_HTTP",
    "inputs": [],
    "outputs": [
      {
        "id": "2273c3f3-7815-4f4e-b80e-4e3a3c4d701d",
        "name": "errors",
        "description": "",
        "position": 0
      },
      {
        "id": "4cea4054-fcfc-49d7-84d9-21884867d780",
        "name": "info",
        "description": "",
        "position": 1
      },
      {
        "id": "670b8fa0-cf2e-4ddb-b567-11effe879c00",
        "name": "errorCount",
        "description": "",
        "position": 2
      },
      {
        "id": "a05a307d-a02e-4eb4-a54f-208399be8819",
        "name": "infoCount",
        "description": "",
        "position": 3
      },
      {
        "id": "e29620a8-858a-4df2-90a0-3c7c71840dde",
        "name": "subject",
        "description": "",
        "position": 4
      },
      {
        "id": "d4a80499-9c9d-48af-be48-cc67174bfdab",
        "name": "recipients",
        "description": "",
        "position": 5
      },
      {
        "id": "cfebca8f-4766-4d85-9fcf-5ebbb355a67e",
        "name": "results",
        "description": "",
        "position": 6
      },
      {
        "id": "aac285bf-7e3e-442a-90c6-eb78c56ad3f9",
        "name": "deviceErrors_email",
        "description": "",
        "position": 7
      },
      {
        "id": "8576059f-e747-4952-b458-385c6d29a538",
        "name": "deviceErrors_email_count",
        "description": "",
        "position": 8
      },
      {
        "id": "56c0c940-ee87-4c9a-b76e-65073f25a11e",
        "name": "deviceErrors_phone",
        "description": "",
        "position": 9
      },
      {
        "id": "b13135a1-61ff-40a9-8834-086ff88de38e",
        "name": "deviceErrors_phone_count",
        "description": "",
        "position": 10
      },
      {
        "id": "48807d3d-0aec-4fe1-9540-f6e22c25555a",
        "name": "deviceErrors_count",
        "description": "",
        "position": 11
      }
    ],
    "libraries": []
  }
]