[
  {
    "id": "316c49be-4189-4da0-b85c-449c9f8187ff",
    "name": "xM | Standard Sync | Run Summary",
    "description": "",
    "icon": "https://s3-xmatters-static.s3.amazonaws.com/null/customers/5c36e2a5-ebba-4e64-9345-e8616a36b1e0/IMAGE__20191023171009365__39f5e1f7-xmatters-mark.png",
    "script": "var payload = JSON.parse(request.body);\n\nconst deviceErrors_email_count = payload.deviceErrors_email ? payload.deviceErrors_email.length : 0;\nconst deviceErrors_phone_count = payload.deviceErrors_phone ? payload.deviceErrors_phone.length : 0;\noutput.deviceErrors_count = deviceErrors_email_count + deviceErrors_phone_count;\noutput.deviceErrors_email = payload.deviceErrors_email ? payload.deviceErrors_email.join(\"<br>\") : '';\noutput.deviceErrors_email_count = deviceErrors_email_count;\noutput.deviceErrors_phone = payload.deviceErrors_phone ? payload.deviceErrors_phone.join(\"<br>\") : '';\noutput.deviceErrors_phone_count = deviceErrors_phone_count;\noutput['People Created'] = payload.peopleCreated ? payload.peopleCreated:'nobody';\noutput['People Deleted'] = payload.peopleDeleted ? payload.peopleDeleted:'nobody';\noutput.errorCount = payload.errors ? payload.errors.length: 0;\noutput.errors = payload.errors ? payload.errors.join(\"<br>\") : '';\noutput.info = '';\n// output.info = payload.info ? payload.info.join(\"<br>\") : '';\noutput.infoCount = payload.info ? payload.info.length : 0;\noutput.recipients = payload.recipients ? payload.recipients.join(',') : '';\noutput.results = payload.results ? payload.results.join(\"<br>\") : 'null';\noutput.subject = payload.subject;\n",
    "allowedEnvironment": "HOSTED",
    "accessibleByAll": "NotShared",
    "triggerAuthType": "URL_AUTH",
    "scriptStepType": "CUSTOM_HTTP",
    "inputs": [],
    "outputs": [
      {
        "id": "549bab93-2194-4c38-8d28-8ee7c26df22c",
        "name": "errors",
        "description": "",
        "position": 0
      },
      {
        "id": "a4bd747a-abe8-4241-9ae0-e9a0da5bf3f5",
        "name": "info",
        "description": "",
        "position": 1
      },
      {
        "id": "e6400b60-f79c-41c7-9421-77982fd888c4",
        "name": "errorCount",
        "description": "",
        "position": 2
      },
      {
        "id": "cca4f4a0-353b-4f06-ba63-742cb7471865",
        "name": "infoCount",
        "description": "",
        "position": 3
      },
      {
        "id": "b7555cf9-6159-4646-9309-d8609997c442",
        "name": "subject",
        "description": "",
        "position": 4
      },
      {
        "id": "161d7786-c208-4644-b56a-9c752e0b2162",
        "name": "recipients",
        "description": "",
        "position": 5
      },
      {
        "id": "a726c7b6-3b1d-41e0-ba5b-383a5b365916",
        "name": "results",
        "description": "",
        "position": 6
      },
      {
        "id": "88504ee8-f14c-44ee-bbeb-73b6599b882c",
        "name": "deviceErrors_email",
        "description": "",
        "position": 7
      },
      {
        "id": "65ab1fe3-4942-4c05-a287-337e796582c3",
        "name": "deviceErrors_email_count",
        "description": "",
        "position": 8
      },
      {
        "id": "824aac71-0a57-4ba6-b16e-1de3a5e00ad6",
        "name": "deviceErrors_phone",
        "description": "",
        "position": 9
      },
      {
        "id": "06fa6378-81c8-4417-bba7-ab0a633d8822",
        "name": "deviceErrors_phone_count",
        "description": "",
        "position": 10
      },
      {
        "id": "dcf56a87-bf5d-4b40-beb0-fe2dbe9949cb",
        "name": "deviceErrors_count",
        "description": "",
        "position": 11
      },
      {
        "id": "cc99293a-0f07-4669-bded-7bf26373bdd8",
        "name": "People Created",
        "position": 12
      },
      {
        "id": "e952c6f4-2fef-4d39-8a9b-e2b87975835d",
        "name": "People Deleted",
        "position": 13
      }
    ],
    "libraries": []
  }
]