[
  {
    "id": "e7a3ac6f-f138-436f-8fe2-a455d2641b35",
    "name": "xM | Standard Sync | Run Summary",
    "description": "",
    "icon": "https://s3-xmatters-static.s3.amazonaws.com/null/customers/5c36e2a5-ebba-4e64-9345-e8616a36b1e0/IMAGE__20191023171009365__39f5e1f7-xmatters-mark.png",
    "script": "var payload = JSON.parse(request.body);\n\nconst deviceErrors_email_count = payload.deviceErrors_email ? payload.deviceErrors_email.length : 0;\nconst deviceErrors_phone_count = payload.deviceErrors_phone ? payload.deviceErrors_phone.length : 0;\noutput.deviceErrors_count = deviceErrors_email_count + deviceErrors_phone_count;\noutput.deviceErrors_email = payload.deviceErrors_email ? payload.deviceErrors_email.join(\"<br>\") : '';\noutput.deviceErrors_email_count = deviceErrors_email_count;\noutput.deviceErrors_phone = payload.deviceErrors_phone ? payload.deviceErrors_phone.join(\"<br>\") : '';\noutput.deviceErrors_phone_count = deviceErrors_phone_count;\noutput.errorCount = payload.errors ? payload.errors.length: 0;\noutput.errors = payload.errors ? payload.errors.join(\"<br>\") : '';\noutput.info = '';\n// output.info = payload.info ? payload.info.join(\"<br>\") : '';\noutput.infoCount = payload.info ? payload.info.length : 0;\noutput.recipients = payload.recipients ? payload.recipients.join(',') : '';\noutput.results = payload.results ? payload.results.join(\"<br>\") : 'null';\noutput.subject = payload.subject;\n",
    "endpointLabel": "",
    "allowedEnvironment": "HOSTED",
    "accessibleByAll": "NotShared",
    "triggerAuthType": "URL_AUTH",
    "scriptStepType": "CUSTOM_HTTP",
    "inputs": [],
    "outputs": [
      {
        "id": "cb8301dc-533f-4524-b729-a694bb258ba6",
        "name": "errors",
        "description": "",
        "position": 0
      },
      {
        "id": "21e1db39-2622-477f-9cba-de1d8432a60a",
        "name": "info",
        "description": "",
        "position": 1
      },
      {
        "id": "eaf6b68d-3b71-44dc-b26a-52315204f76e",
        "name": "errorCount",
        "description": "",
        "position": 2
      },
      {
        "id": "dc064982-52fc-466e-9d27-0bf9450c07ae",
        "name": "infoCount",
        "description": "",
        "position": 3
      },
      {
        "id": "fc19fe92-b338-4e81-bfea-5c753057b9f6",
        "name": "subject",
        "description": "",
        "position": 4
      },
      {
        "id": "45431cb6-d969-427a-b481-334f4574655d",
        "name": "recipients",
        "description": "",
        "position": 5
      },
      {
        "id": "a2e79f1c-ded8-4a3e-93d1-59223e1e8490",
        "name": "results",
        "description": "",
        "position": 6
      },
      {
        "id": "01222b35-1d14-4150-80b0-196be6c320f2",
        "name": "deviceErrors_email",
        "description": "",
        "position": 7
      },
      {
        "id": "0e9696da-ea3b-452e-a836-000788a3ae8b",
        "name": "deviceErrors_email_count",
        "description": "",
        "position": 8
      },
      {
        "id": "3656dd6f-750f-43f8-8e89-992fd7286941",
        "name": "deviceErrors_phone",
        "description": "",
        "position": 9
      },
      {
        "id": "ae840f81-0cb6-4a6a-815f-eaffda641cfa",
        "name": "deviceErrors_phone_count",
        "description": "",
        "position": 10
      },
      {
        "id": "b957b150-bfc1-42fc-8dea-ddc408794cd1",
        "name": "deviceErrors_count",
        "description": "",
        "position": 11
      }
    ],
    "libraries": []
  }
]