[
  {
    "baseType": 1,
    "name": "deviceErrors_count",
    "description": "",
    "helpText": "",
    "isSystem": false,
    "minValue": "",
    "maxValue": "",
    "units": "",
    "uuid": "77b8ea1b-e6f1-4391-a18d-e73bf6d8878b"
  },
  {
    "baseType": 3,
    "name": "deviceErrors_email",
    "defaultValue": "",
    "description": "",
    "helpText": "",
    "isSystem": false,
    "minLength": 0,
    "maxLength": 20000,
    "validationRegex": "",
    "isValidate": false,
    "uuid": "35a8f611-9400-427a-988f-7dfdcbca2d82"
  },
  {
    "baseType": 1,
    "name": "deviceErrors_email_count",
    "description": "",
    "helpText": "",
    "isSystem": false,
    "minValue": "",
    "maxValue": "",
    "units": "",
    "uuid": "4f220168-a843-4b5b-8537-8c9b8f947660"
  },
  {
    "baseType": 3,
    "name": "deviceErrors_phone",
    "defaultValue": "",
    "description": "",
    "helpText": "",
    "isSystem": false,
    "minLength": 0,
    "maxLength": 20000,
    "validationRegex": "",
    "isValidate": false,
    "uuid": "14143766-9a16-40f4-92f8-a14a10c13db7"
  },
  {
    "baseType": 1,
    "name": "deviceErrors_phone_count",
    "description": "",
    "helpText": "",
    "isSystem": false,
    "minValue": "",
    "maxValue": "",
    "units": "",
    "uuid": "7ab72dac-87e4-4edc-a2f0-914963998920"
  },
  {
    "baseType": 1,
    "name": "errorCount",
    "description": "The number of errors entries.",
    "helpText": "",
    "isSystem": false,
    "minValue": "",
    "maxValue": "",
    "units": "",
    "uuid": "87ea67a1-2098-4d01-9a4d-8f8e2723ab29"
  },
  {
    "baseType": 3,
    "name": "errors",
    "defaultValue": "",
    "description": "The errors.",
    "helpText": "",
    "isSystem": false,
    "minLength": 0,
    "maxLength": 20000,
    "validationRegex": "",
    "isValidate": false,
    "uuid": "97b1ae68-3209-476d-9ba1-952ca30fdba7"
  },
  {
    "baseType": 3,
    "name": "info",
    "defaultValue": "",
    "description": "The info.",
    "helpText": "",
    "isSystem": false,
    "minLength": 0,
    "maxLength": 20000,
    "validationRegex": "",
    "isValidate": false,
    "uuid": "9ec4c607-2c25-4b77-8c00-6acdca680fe4"
  },
  {
    "baseType": 1,
    "name": "infoCount",
    "description": "The number of info entries.",
    "helpText": "",
    "isSystem": false,
    "minValue": "",
    "maxValue": "",
    "units": "",
    "uuid": "6b0ad092-e3bf-4d49-971b-0c2dff50d9cd"
  },
  {
    "baseType": 3,
    "name": "results",
    "defaultValue": "",
    "description": "",
    "helpText": "",
    "isSystem": false,
    "minLength": 0,
    "maxLength": 20000,
    "validationRegex": "",
    "isValidate": false,
    "uuid": "e0b9992f-7cbf-4a5a-920e-0d85bcc9d378"
  },
  {
    "baseType": 3,
    "name": "subject",
    "defaultValue": "Run Report",
    "description": "",
    "helpText": "",
    "isSystem": false,
    "minLength": 0,
    "maxLength": 1000,
    "validationRegex": "",
    "isValidate": false,
    "uuid": "3a258610-f648-428c-b6ea-de65e54ecdf0"
  }
]