[
  {
    "baseType": 1,
    "name": "deviceErrors_count",
    "description": "",
    "helpText": "",
    "isSystem": false,
    "minValue": "",
    "maxValue": "",
    "units": "",
    "uuid": "42215806-5fbb-45ef-874d-4a3df319c200"
  },
  {
    "baseType": 3,
    "name": "deviceErrors_email",
    "defaultValue": "",
    "description": "",
    "helpText": "",
    "isSystem": false,
    "minLength": 0,
    "maxLength": 20000,
    "validationRegex": "",
    "isValidate": false,
    "uuid": "1ae7d6d9-73aa-4d67-bb86-75fed78efd39"
  },
  {
    "baseType": 1,
    "name": "deviceErrors_email_count",
    "description": "",
    "helpText": "",
    "isSystem": false,
    "minValue": "",
    "maxValue": "",
    "units": "",
    "uuid": "6621cf6b-e68e-4329-99de-b8a7a7a9e569"
  },
  {
    "baseType": 3,
    "name": "deviceErrors_phone",
    "defaultValue": "",
    "description": "",
    "helpText": "",
    "isSystem": false,
    "minLength": 0,
    "maxLength": 20000,
    "validationRegex": "",
    "isValidate": false,
    "uuid": "568d6d98-60bd-4276-974b-d2e3da993cde"
  },
  {
    "baseType": 1,
    "name": "deviceErrors_phone_count",
    "description": "",
    "helpText": "",
    "isSystem": false,
    "minValue": "",
    "maxValue": "",
    "units": "",
    "uuid": "b4be14f3-78b4-4ad2-b0e3-7a6ad6f4b54f"
  },
  {
    "baseType": 1,
    "name": "errorCount",
    "description": "The number of errors entries.",
    "helpText": "",
    "isSystem": false,
    "minValue": "",
    "maxValue": "",
    "units": "",
    "uuid": "6e2d7fbe-5fe1-48e5-ae9c-297e286381cf"
  },
  {
    "baseType": 3,
    "name": "errors",
    "defaultValue": "",
    "description": "The errors.",
    "helpText": "",
    "isSystem": false,
    "minLength": 0,
    "maxLength": 20000,
    "validationRegex": "",
    "isValidate": false,
    "uuid": "7cd07428-3a10-4efe-bdc3-d10d7f565b00"
  },
  {
    "baseType": 3,
    "name": "info",
    "defaultValue": "",
    "description": "The info.",
    "helpText": "",
    "isSystem": false,
    "minLength": 0,
    "maxLength": 20000,
    "validationRegex": "",
    "isValidate": false,
    "uuid": "a7b5b3ae-b50c-4c66-967b-a4fbbcc3aea2"
  },
  {
    "baseType": 1,
    "name": "infoCount",
    "description": "The number of info entries.",
    "helpText": "",
    "isSystem": false,
    "minValue": "",
    "maxValue": "",
    "units": "",
    "uuid": "3157b004-ca02-4215-b92b-41b0d8172612"
  },
  {
    "baseType": 3,
    "name": "results",
    "defaultValue": "",
    "description": "",
    "helpText": "",
    "isSystem": false,
    "minLength": 0,
    "maxLength": 20000,
    "validationRegex": "",
    "isValidate": false,
    "uuid": "f687f52e-405b-4308-9225-ab051e72d28f"
  },
  {
    "baseType": 3,
    "name": "subject",
    "defaultValue": "Run Report",
    "description": "",
    "helpText": "",
    "isSystem": false,
    "minLength": 0,
    "maxLength": 1000,
    "validationRegex": "",
    "isValidate": false,
    "uuid": "6e19a1d7-5c3b-4670-8fce-b41186233ee8"
  }
]