[
  {
    "baseType": 1,
    "name": "deviceErrors_count",
    "description": "",
    "helpText": "",
    "isSystem": false,
    "minValue": "",
    "maxValue": "",
    "units": "",
    "uuid": "07874e2a-3b2e-4eb8-9b20-4529bdf63074"
  },
  {
    "baseType": 3,
    "name": "deviceErrors_email",
    "defaultValue": "",
    "description": "",
    "helpText": "",
    "isSystem": false,
    "minLength": 0,
    "maxLength": 20000,
    "validationRegex": "",
    "isValidate": false,
    "uuid": "55c8c17f-5e02-49f0-9446-ff8a46b318a3"
  },
  {
    "baseType": 1,
    "name": "deviceErrors_email_count",
    "description": "",
    "helpText": "",
    "isSystem": false,
    "minValue": "",
    "maxValue": "",
    "units": "",
    "uuid": "fe1aa7f8-ba6a-4a89-b4ff-b07e3623e306"
  },
  {
    "baseType": 3,
    "name": "deviceErrors_phone",
    "defaultValue": "",
    "description": "",
    "helpText": "",
    "isSystem": false,
    "minLength": 0,
    "maxLength": 20000,
    "validationRegex": "",
    "isValidate": false,
    "uuid": "7ac45122-d7b7-426d-8f43-196b130d777b"
  },
  {
    "baseType": 1,
    "name": "deviceErrors_phone_count",
    "description": "",
    "helpText": "",
    "isSystem": false,
    "minValue": "",
    "maxValue": "",
    "units": "",
    "uuid": "ed0a154e-4afa-4b89-a0de-b7acf7ae4672"
  },
  {
    "baseType": 1,
    "name": "errorCount",
    "description": "The number of errors entries.",
    "helpText": "",
    "isSystem": false,
    "minValue": "",
    "maxValue": "",
    "units": "",
    "uuid": "ba089112-a48d-4233-b983-4ab35a3ce84c"
  },
  {
    "baseType": 3,
    "name": "errors",
    "defaultValue": "",
    "description": "The errors.",
    "helpText": "",
    "isSystem": false,
    "minLength": 0,
    "maxLength": 20000,
    "validationRegex": "",
    "isValidate": false,
    "uuid": "2dcffd31-a7b2-4934-bb3e-478dd062c0fb"
  },
  {
    "baseType": 3,
    "name": "info",
    "defaultValue": "",
    "description": "The info.",
    "helpText": "",
    "isSystem": false,
    "minLength": 0,
    "maxLength": 20000,
    "validationRegex": "",
    "isValidate": false,
    "uuid": "75569254-efc7-478f-a874-8854da115ed0"
  },
  {
    "baseType": 1,
    "name": "infoCount",
    "description": "The number of info entries.",
    "helpText": "",
    "isSystem": false,
    "minValue": "",
    "maxValue": "",
    "units": "",
    "uuid": "32d92ca0-5572-4328-b58d-945a3228056b"
  },
  {
    "baseType": 3,
    "name": "People Created",
    "defaultValue": "",
    "description": "Users IDs of everyone added",
    "helpText": "",
    "isSystem": false,
    "minLength": 0,
    "maxLength": 20000,
    "validationRegex": "",
    "isValidate": false,
    "uuid": "f1384fd4-3e52-4676-8ddc-737dbc5dce16"
  },
  {
    "baseType": 3,
    "name": "People Deleted",
    "defaultValue": "",
    "description": "List of User IDs of every user deleted",
    "helpText": "",
    "isSystem": false,
    "minLength": 0,
    "maxLength": 20000,
    "validationRegex": "",
    "isValidate": false,
    "uuid": "76afafb5-6726-44aa-8207-9dfcaa615391"
  },
  {
    "baseType": 3,
    "name": "results",
    "defaultValue": "",
    "description": "",
    "helpText": "",
    "isSystem": false,
    "minLength": 0,
    "maxLength": 20000,
    "validationRegex": "",
    "isValidate": false,
    "uuid": "7c5e15b9-5f79-4b77-b831-98fa1ada5d90"
  },
  {
    "baseType": 3,
    "name": "subject",
    "defaultValue": "Run Report",
    "description": "",
    "helpText": "",
    "isSystem": false,
    "minLength": 0,
    "maxLength": 1000,
    "validationRegex": "",
    "isValidate": false,
    "uuid": "0ce9f822-86d6-48d7-8263-afaa4c7508e1"
  }
]